{"schemaVersion":"1.0","appDefinitionTemplate":{"id":"/providers/Microsoft.PowerApps/apps/","type":"Microsoft.PowerApps/apps","tags":{"primaryDeviceWidth":"2000","primaryDeviceHeight":"900","sienaVersion":"20240430T105206Z-3.24043.33.0","deviceCapabilities":"","supportsPortrait":"true","supportsLandscape":"true","primaryFormFactor":"Tablet","publisherVersion":"3.24043.33","minimumRequiredApiVersion":"2.2.0","hasComponent":"true","hasUnlockedComponent":"true","isUnifiedRootApp":"false","showStatusBar":"false","offlineLargeFilesSupport":"false"},"properties":{"appVersion":"2024-04-30T10:52:06Z","lifeCycleId":"Published","createdByClientVersion":{"major":3,"minor":24043,"build":33,"revision":0,"majorRevision":0,"minorRevision":0},"minClientVersion":{"major":3,"minor":24043,"build":33,"revision":0,"majorRevision":0,"minorRevision":0},"backgroundColor":"RGBA(54,176,75,1)","backgroundImageUri":"/5225614084141473151/N6e2adefb-c867-4cb1-b0df-f146c882e4e7-logoSmallFile","displayName":"Property Investment Analysis","description":"","commitMessage":"","appUris":{"documentUri":{"value":"/5225614084141473151/N0bf7229d-aecf-4f69-83af-3593be413c97-document.msapp"},"imageUris":[],"additionalUris":[{"isSolutionAware":false,"value":"/5225614084141473151/N86b3315b-9d8a-411a-80a7-b5f75832ca4e-identity.json"}]},"createdTime":"0001-01-01T00:00:00Z","lastModifiedTime":"0001-01-01T00:00:00Z","sharedGroupsCount":0,"sharedUsersCount":0,"connectionReferences":{"529dcb93-3b76-4bcb-9c68-bea8cf680618":{"id":"7986d17f-a876-48ee-a8ea-ea51cd8c0d16","displayName":"Office 365 Users","iconUri":"https://connectoricons-prod.azureedge.net/releases/v1.0.1677/1.0.1677.3637/office365users/icon.png","dataSources":["Office365Users"],"dependencies":[],"dependents":[],"parameterHints":{},"parameterHintsV2":{},"isOnPremiseConnection":false,"bypassConsent":false,"dataSets":{},"apiTier":"Standard","isCustomApiConnection":false},"1f5129d9-362c-4d85-823f-54471ea3add7":{"id":"80776bea-6580-45e5-9e72-ed169f938f80","displayName":"SharePoint","iconUri":"https://connectoricons-prod.azureedge.net/releases/v1.0.1685/1.0.1685.3700/sharepointonline/icon.png","dataSources":["Documents","Property Calculations","Finance Calculations","Income Tax Calculations","Tax Credits PI"],"dependencies":[],"dependents":["0d22a96e-a162-40bc-b4b9-b1ce99ac6eeb"],"parameterHints":{},"parameterHintsV2":{},"isOnPremiseConnection":false,"bypassConsent":false,"dataSets":{"https://alankaeon789.sharepoint.com/sites/PIA":{"dataSources":{"Documents":{"tableName":"e0a0bdc2-b1f2-4b6b-8ee1-3859da962b9d"},"Property Calculations":{"tableName":"bb171cb4-fe0e-4ff9-bc5b-3374f21f9d6c"},"Finance Calculations":{"tableName":"7bd0caaf-8b7f-47e6-8846-cd4f8ed65f24"},"Income Tax Calculations":{"tableName":"83450f89-325e-4a83-af12-2b097594fc6d"},"Tax Credits PI":{"tableName":"8411e079-38eb-4dcc-a3f2-7fb95052bfb9"}}}},"apiTier":"Standard","isCustomApiConnection":false,"actions":["providers/PowerPlatform.Governance/Operations/Read","providers/PowerPlatform.Governance/Operations/Write","providers/PowerPlatform.Governance/Operations/Delete"]},"0d22a96e-a162-40bc-b4b9-b1ce99ac6eeb":{"id":"13f56dfc-82e0-48f2-bcf7-7a1a772bf3db","displayName":"Logic flows","iconUri":"https://connectoricons-prod.azureedge.net/releases/v1.0.1686/1.0.1686.3699/logicflows/icon.png","dataSources":["PDFGenerate"],"dependencies":["85a70872-bcd0-4794-bd79-133465d17789","68747821-285d-42ca-ac9f-6d837ff635be","1f5129d9-362c-4d85-823f-54471ea3add7"],"dependents":[],"parameterHints":{"workflowName":{"value":"8487ac54-4e15-4ae6-bc5c-395d9c0e3175"},"workflowEntityId":{},"workflowDisplayName":{"value":"PDF Generate"},"85a70872-bcd0-4794-bd79-133465d17789":{"value":"shared_onedriveforbusiness"},"68747821-285d-42ca-ac9f-6d837ff635be":{"value":"shared_office365"},"1f5129d9-362c-4d85-823f-54471ea3add7":{"value":"shared_sharepointonline"}},"parameterHintsV2":{"workflowName":{"value":"8487ac54-4e15-4ae6-bc5c-395d9c0e3175"},"workflowEntityId":{},"workflowDisplayName":{"value":"PDF Generate"},"shared_onedriveforbusiness":{"value":"85a70872-bcd0-4794-bd79-133465d17789"},"shared_office365":{"value":"68747821-285d-42ca-ac9f-6d837ff635be"},"shared_sharepointonline":{"value":"1f5129d9-362c-4d85-823f-54471ea3add7"}},"isOnPremiseConnection":false,"bypassConsent":false,"dataSets":{},"apiTier":"Standard","isCustomApiConnection":false,"actions":["Run"],"nestedActions":[{"id":"/providers/Microsoft.PowerApps/apis/shared_onedriveforbusiness/apiOperations/CreateFile","apiName":"OneDrive for Business","actionName":"CreateFile","referencedResources":[]},{"id":"/providers/Microsoft.PowerApps/apis/shared_onedriveforbusiness/apiOperations/ConvertFile","apiName":"OneDrive for Business","actionName":"ConvertFile","referencedResources":[]},{"id":"/providers/Microsoft.PowerApps/apis/shared_onedriveforbusiness/apiOperations/GetFileContent","apiName":"OneDrive for Business","actionName":"GetFileContent","referencedResources":[]},{"id":"/providers/Microsoft.PowerApps/apis/shared_office365/apiOperations/SendEmailV2","apiName":"Office 365 Outlook","actionName":"SendEmailV2","referencedResources":[]},{"id":"/providers/Microsoft.PowerApps/apis/shared_onedriveforbusiness/apiOperations/DeleteFile","apiName":"OneDrive for Business","actionName":"DeleteFile","referencedResources":[]},{"id":"/providers/Microsoft.PowerApps/apis/shared_sharepointonline/apiOperations/CreateFile","apiName":"SharePoint","actionName":"CreateFile","referencedResources":[{"key":"site","value":"https://alankaeon789.sharepoint.com/sites/PIA"}]}]},"85a70872-bcd0-4794-bd79-133465d17789":{"id":"55756484-0ec5-4a1c-a180-f38f2989915b","displayName":"OneDrive for Business","iconUri":"https://connectoricons-prod.azureedge.net/releases/v1.0.1689/1.0.1689.3722/onedriveforbusiness/icon.png","dataSources":[],"dependencies":[],"dependents":["0d22a96e-a162-40bc-b4b9-b1ce99ac6eeb"],"parameterHints":{},"parameterHintsV2":{},"isOnPremiseConnection":false,"bypassConsent":false,"dataSets":{},"apiTier":"Standard","isCustomApiConnection":false},"68747821-285d-42ca-ac9f-6d837ff635be":{"id":"31a971df-7b76-4991-aaa1-3e7bcaf2fcd2","displayName":"Office 365 Outlook","iconUri":"https://connectoricons-prod.azureedge.net/releases/v1.0.1677/1.0.1677.3637/office365/icon.png","dataSources":[],"dependencies":[],"dependents":["0d22a96e-a162-40bc-b4b9-b1ce99ac6eeb"],"parameterHints":{},"parameterHintsV2":{},"isOnPremiseConnection":false,"bypassConsent":false,"dataSets":{},"apiTier":"Standard","isCustomApiConnection":false}},"databaseReferences":{},"almMode":"Environment","performanceOptimizationEnabled":true,"canConsumeAppPass":false,"enableModernRuntimeMode":false,"executionRestrictions":{"isTeamsOnly":false,"dataLossPreventionEvaluationResult":{"status":"Compliant","lastEvaluationDate":"2024-04-30T12:41:20.9429772Z","violations":[],"violationsByPolicy":[],"violationErrorMessage":"The app uses the following connectors: shared_office365users, shared_sharepointonline, shared_logicflows, shared_onedriveforbusiness, shared_office365."},"httpActionRestriction":{"appUsesSharepointHttpAction":false,"enforcementStrategy":"Legacy","evaluationTime":"2024-04-30T12:41:20.9428457Z"}}},"appType":"ClassicCanvasApp","appComponents":[]}}